<?xml version="1.0" encoding="UTF-8"?>
<project-private xmlns="http://www.netbeans.org/ns/project-private/1">
    <editor-bookmarks xmlns="http://www.netbeans.org/ns/editor-bookmarks/1"/>
    <open-files xmlns="http://www.netbeans.org/ns/projectui-open-files/1">
        <file>file:/mnt/Data/staff/jvs/subj/Java/Projects/ExceptionHandlingExample3/src/exceptionhandlingexample1/Transaction.java</file>
        <file>file:/mnt/Data/staff/jvs/subj/Java/Projects/ExceptionHandlingExample3/src/exceptionhandlingexample1/BusinessLogic.java</file>
        <file>file:/mnt/Data/staff/jvs/subj/Java/Projects/ExceptionHandlingExample3/src/exceptionhandlingexample1/GUITransaction.java</file>
    </open-files>
</project-private>
