<?xml version="1.0" encoding="UTF-8"?>
<project-private xmlns="http://www.netbeans.org/ns/project-private/1">
    <editor-bookmarks xmlns="http://www.netbeans.org/ns/editor-bookmarks/1"/>
    <open-files xmlns="http://www.netbeans.org/ns/projectui-open-files/1">
        <file>file:/mnt/Data/staff/jvs/subj/Java/Projects/AbstractSuperClassExample1/src/abstractsuperclassexample1/AbstractSuperClassExample1.java</file>
        <file>file:/mnt/Data/staff/jvs/subj/Java/Projects/AbstractSuperClassExample1/src/abstractsuperclassexample1/Employee.java</file>
        <file>file:/mnt/Data/staff/jvs/subj/Java/Projects/AbstractSuperClassExample1/src/abstractsuperclassexample1/PermanentEmployee.java</file>
        <file>file:/mnt/Data/staff/jvs/subj/Java/Projects/AbstractSuperClassExample1/src/abstractsuperclassexample1/ContractedEmployee.java</file>
        <file>file:/mnt/Data/staff/jvs/subj/Java/Projects/AbstractSuperClassExample1/src/abstractsuperclassexample1/DailyWagesEmployee.java</file>
    </open-files>
</project-private>
